Service Area,Service,Start Date,End Date,Days,Start Value,End Value,Change,Daily Rate,Percent Change
10-WKT-KY,TELCORE,2026-01-01,2026-01-31,30,4780.0,4660.0,-120.0,-4.0,-2.510460251046025
10-WKT-KY,BBCORE,2026-01-01,2026-01-31,30,12415.0,12409.0,-6.0,-0.2,-0.04832863471606927
10-WKT-KY,VCORE,2026-01-01,2026-01-31,30,1025.0,1025.0,0.0,0.0,0.0
10-WKT-KY,SCORE,2026-01-01,2026-01-31,30,360.0,357.0,-3.0,-0.1,-0.8333333333333334
10-WKT-KY,TELCORE,2026-01-31,2026-02-28,28,4660.0,4725.0,65.0,2.3214285714285716,1.3948497854077253
10-WKT-KY,BBCORE,2026-01-31,2026-02-28,28,12409.0,12418.0,9.0,0.32142857142857145,0.0725280038681602
10-WKT-KY,VCORE,2026-01-31,2026-02-28,28,1025.0,1022.0,-3.0,-0.10714285714285714,-0.2926829268292683
10-WKT-KY,SCORE,2026-01-31,2026-02-28,28,357.0,355.0,-2.0,-0.07142857142857142,-0.5602240896358543
10-WKT-KY,TELCORE,2026-02-28,2026-03-31,31,4725.0,4690.0,-35.0,-1.1290322580645162,-0.7407407407407408
10-WKT-KY,BBCORE,2026-02-28,2026-03-31,31,12418.0,12410.0,-8.0,-0.25806451612903225,-0.06442261233693027
10-WKT-KY,VCORE,2026-02-28,2026-03-31,31,1022.0,1018.0,-4.0,-0.12903225806451613,-0.3913894324853229
10-WKT-KY,SCORE,2026-02-28,2026-03-31,31,355.0,355.0,0.0,0.0,0.0
10-WKT-TN,TELCORE,2026-01-01,2026-01-31,30,971.0,931.0,-40.0,-1.3333333333333333,-4.11946446961895
10-WKT-TN,BBCORE,2026-01-01,2026-01-31,30,2070.0,2084.0,14.0,0.4666666666666667,0.6763285024154589
10-WKT-TN,VCORE,2026-01-01,2026-01-31,30,186.0,182.0,-4.0,-0.13333333333333333,-2.1505376344086025
10-WKT-TN,SCORE,2026-01-01,2026-01-31,30,38.0,38.0,0.0,0.0,0.0
10-WKT-TN,TELCORE,2026-01-31,2026-02-28,28,931.0,957.0,26.0,0.9285714285714286,2.7926960257787328
10-WKT-TN,BBCORE,2026-01-31,2026-02-28,28,2084.0,2065.0,-19.0,-0.6785714285714286,-0.9117082533589251
10-WKT-TN,VCORE,2026-01-31,2026-02-28,28,182.0,185.0,3.0,0.10714285714285714,1.6483516483516485
10-WKT-TN,SCORE,2026-01-31,2026-02-28,28,38.0,38.0,0.0,0.0,0.0
10-WKT-TN,TELCORE,2026-02-28,2026-03-31,31,957.0,948.0,-9.0,-0.2903225806451613,-0.9404388714733543
10-WKT-TN,BBCORE,2026-02-28,2026-03-31,31,2065.0,2089.0,24.0,0.7741935483870968,1.162227602905569
10-WKT-TN,VCORE,2026-02-28,2026-03-31,31,185.0,183.0,-2.0,-0.06451612903225806,-1.0810810810810811
10-WKT-TN,SCORE,2026-02-28,2026-03-31,31,38.0,40.0,2.0,0.06451612903225806,5.263157894736842
14-YORK,TELCORE,2026-01-01,2026-01-31,30,454.0,445.0,-9.0,-0.3,-1.9823788546255507
14-YORK,BBCORE,2026-01-01,2026-01-31,30,1099.0,1108.0,9.0,0.3,0.8189262966333031
14-YORK,VCORE,2026-01-01,2026-01-31,30,59.0,57.0,-2.0,-0.06666666666666667,-3.389830508474576
14-YORK,SCORE,2026-01-01,2026-01-31,30,7.0,6.0,-1.0,-0.03333333333333333,-14.285714285714285
14-YORK,TELCORE,2026-01-31,2026-02-28,28,445.0,450.0,5.0,0.17857142857142858,1.1235955056179776
14-YORK,BBCORE,2026-01-31,2026-02-28,28,1108.0,1103.0,-5.0,-0.17857142857142858,-0.45126353790613716
14-YORK,VCORE,2026-01-31,2026-02-28,28,57.0,58.0,1.0,0.03571428571428571,1.7543859649122806
14-YORK,SCORE,2026-01-31,2026-02-28,28,6.0,7.0,1.0,0.03571428571428571,16.666666666666664
14-YORK,TELCORE,2026-02-28,2026-03-31,31,450.0,442.0,-8.0,-0.25806451612903225,-1.7777777777777777
14-YORK,BBCORE,2026-02-28,2026-03-31,31,1103.0,1108.0,5.0,0.16129032258064516,0.45330915684496825
14-YORK,VCORE,2026-02-28,2026-03-31,31,58.0,56.0,-2.0,-0.06451612903225806,-3.4482758620689653
14-YORK,SCORE,2026-02-28,2026-03-31,31,7.0,7.0,0.0,0.0,0.0
12-MRTN,TELCORE,2026-01-01,2026-01-31,30,278.0,279.0,1.0,0.03333333333333333,0.3597122302158274
12-MRTN,BBCORE,2026-01-01,2026-01-31,30,1230.0,1383.0,153.0,5.1,12.439024390243903
12-MRTN,VCORE,2026-01-01,2026-01-31,30,70.0,75.0,5.0,0.16666666666666666,7.142857142857142
12-MRTN,SCORE,2026-01-01,2026-01-31,30,3.0,3.0,0.0,0.0,0.0
12-MRTN,TELCORE,2026-01-31,2026-02-28,28,279.0,284.0,5.0,0.17857142857142858,1.7921146953405016
12-MRTN,BBCORE,2026-01-31,2026-02-28,28,1383.0,1298.0,-85.0,-3.0357142857142856,-6.146059291395517
12-MRTN,VCORE,2026-01-31,2026-02-28,28,75.0,70.0,-5.0,-0.17857142857142858,-6.666666666666667
12-MRTN,SCORE,2026-01-31,2026-02-28,28,3.0,3.0,0.0,0.0,0.0
12-MRTN,TELCORE,2026-02-28,2026-03-31,31,284.0,282.0,-2.0,-0.06451612903225806,-0.7042253521126761
12-MRTN,BBCORE,2026-02-28,2026-03-31,31,1298.0,1349.0,51.0,1.6451612903225807,3.9291217257318953
12-MRTN,VCORE,2026-02-28,2026-03-31,31,70.0,70.0,0.0,0.0,0.0
12-MRTN,SCORE,2026-02-28,2026-03-31,31,3.0,3.0,0.0,0.0,0.0
15-DRES,TELCORE,2026-01-01,2026-01-31,30,243.0,236.0,-7.0,-0.23333333333333334,-2.880658436213992
15-DRES,BBCORE,2026-01-01,2026-01-31,30,906.0,907.0,1.0,0.03333333333333333,0.11037527593818984
15-DRES,VCORE,2026-01-01,2026-01-31,30,51.0,51.0,0.0,0.0,0.0
15-DRES,SCORE,2026-01-01,2026-01-31,30,1.0,1.0,0.0,0.0,0.0
15-DRES,TELCORE,2026-01-31,2026-02-28,28,236.0,243.0,7.0,0.25,2.9661016949152543
15-DRES,BBCORE,2026-01-31,2026-02-28,28,907.0,911.0,4.0,0.14285714285714285,0.4410143329658214
15-DRES,VCORE,2026-01-31,2026-02-28,28,51.0,51.0,0.0,0.0,0.0
15-DRES,SCORE,2026-01-31,2026-02-28,28,1.0,1.0,0.0,0.0,0.0
15-DRES,TELCORE,2026-02-28,2026-03-31,31,243.0,235.0,-8.0,-0.25806451612903225,-3.292181069958848
15-DRES,BBCORE,2026-02-28,2026-03-31,31,911.0,913.0,2.0,0.06451612903225806,0.21953896816684962
15-DRES,VCORE,2026-02-28,2026-03-31,31,51.0,50.0,-1.0,-0.03225806451612903,-1.9607843137254901
15-DRES,SCORE,2026-02-28,2026-03-31,31,1.0,1.0,0.0,0.0,0.0
16-DUKE,TELCORE,2026-01-01,2026-01-31,30,98.0,97.0,-1.0,-0.03333333333333333,-1.0204081632653061
16-DUKE,BBCORE,2026-01-01,2026-01-31,30,391.0,398.0,7.0,0.23333333333333334,1.7902813299232736
16-DUKE,VCORE,2026-01-01,2026-01-31,30,27.0,28.0,1.0,0.03333333333333333,3.7037037037037033
16-DUKE,SCORE,2026-01-01,2026-01-31,30,1.0,1.0,0.0,0.0,0.0
16-DUKE,TELCORE,2026-01-31,2026-02-28,28,97.0,98.0,1.0,0.03571428571428571,1.0309278350515463
16-DUKE,BBCORE,2026-01-31,2026-02-28,28,398.0,395.0,-3.0,-0.10714285714285714,-0.7537688442211055
16-DUKE,VCORE,2026-01-31,2026-02-28,28,28.0,27.0,-1.0,-0.03571428571428571,-3.571428571428571
16-DUKE,SCORE,2026-01-31,2026-02-28,28,1.0,1.0,0.0,0.0,0.0
16-DUKE,TELCORE,2026-02-28,2026-03-31,31,98.0,98.0,0.0,0.0,0.0
16-DUKE,BBCORE,2026-02-28,2026-03-31,31,395.0,396.0,1.0,0.03225806451612903,0.25316455696202533
16-DUKE,VCORE,2026-02-28,2026-03-31,31,27.0,28.0,1.0,0.03225806451612903,3.7037037037037033
16-DUKE,SCORE,2026-02-28,2026-03-31,31,1.0,1.0,0.0,0.0,0.0
17-HNRY,TELCORE,2026-01-01,2026-01-31,30,97.0,94.0,-3.0,-0.1,-3.0927835051546393
17-HNRY,BBCORE,2026-01-01,2026-01-31,30,1015.0,1016.0,1.0,0.03333333333333333,0.09852216748768472
17-HNRY,VCORE,2026-01-01,2026-01-31,30,37.0,37.0,0.0,0.0,0.0
17-HNRY,SCORE,2026-01-01,2026-01-31,30,3.0,3.0,0.0,0.0,0.0
17-HNRY,TELCORE,2026-01-31,2026-02-28,28,94.0,97.0,3.0,0.10714285714285714,3.1914893617021276
17-HNRY,BBCORE,2026-01-31,2026-02-28,28,1016.0,1018.0,2.0,0.07142857142857142,0.19685039370078738
17-HNRY,VCORE,2026-01-31,2026-02-28,28,37.0,37.0,0.0,0.0,0.0
17-HNRY,SCORE,2026-01-31,2026-02-28,28,3.0,3.0,0.0,0.0,0.0
17-HNRY,TELCORE,2026-02-28,2026-03-31,31,97.0,95.0,-2.0,-0.06451612903225806,-2.0618556701030926
17-HNRY,BBCORE,2026-02-28,2026-03-31,31,1018.0,1015.0,-3.0,-0.0967741935483871,-0.29469548133595286
17-HNRY,VCORE,2026-02-28,2026-03-31,31,37.0,37.0,0.0,0.0,0.0
17-HNRY,SCORE,2026-02-28,2026-03-31,31,3.0,3.0,0.0,0.0,0.0
18-SMRT,TELCORE,2026-01-01,2026-01-31,30,55.0,54.0,-1.0,-0.03333333333333333,-1.8181818181818181
18-SMRT,BBCORE,2026-01-01,2026-01-31,30,824.0,836.0,12.0,0.4,1.4563106796116505
18-SMRT,VCORE,2026-01-01,2026-01-31,30,32.0,33.0,1.0,0.03333333333333333,3.125
18-SMRT,SCORE,2026-01-01,2026-01-31,30,0.0,0.0,0.0,0.0,0.0
18-SMRT,TELCORE,2026-01-31,2026-02-28,28,54.0,54.0,0.0,0.0,0.0
18-SMRT,BBCORE,2026-01-31,2026-02-28,28,836.0,830.0,-6.0,-0.21428571428571427,-0.7177033492822966
18-SMRT,VCORE,2026-01-31,2026-02-28,28,33.0,33.0,0.0,0.0,0.0
18-SMRT,SCORE,2026-01-31,2026-02-28,28,0.0,0.0,0.0,0.0,0.0
18-SMRT,TELCORE,2026-02-28,2026-03-31,31,54.0,54.0,0.0,0.0,0.0
18-SMRT,BBCORE,2026-02-28,2026-03-31,31,830.0,834.0,4.0,0.12903225806451613,0.48192771084337355
18-SMRT,VCORE,2026-02-28,2026-03-31,31,33.0,33.0,0.0,0.0,0.0
18-SMRT,SCORE,2026-02-28,2026-03-31,31,0.0,0.0,0.0,0.0,0.0
19-GRCO,TELCORE,2026-01-01,2026-01-31,30,243.0,242.0,-1.0,-0.03333333333333333,-0.411522633744856
19-GRCO,BBCORE,2026-01-01,2026-01-31,30,2623.0,2637.0,14.0,0.4666666666666667,0.533739992375143
19-GRCO,VCORE,2026-01-01,2026-01-31,30,139.0,133.0,-6.0,-0.2,-4.316546762589928
19-GRCO,SCORE,2026-01-01,2026-01-31,30,42.0,45.0,3.0,0.1,7.142857142857142
19-GRCO,TELCORE,2026-01-31,2026-02-28,28,242.0,244.0,2.0,0.07142857142857142,0.8264462809917356
19-GRCO,BBCORE,2026-01-31,2026-02-28,28,2637.0,2621.0,-16.0,-0.5714285714285714,-0.6067500948047023
19-GRCO,VCORE,2026-01-31,2026-02-28,28,133.0,138.0,5.0,0.17857142857142858,3.7593984962406015
19-GRCO,SCORE,2026-01-31,2026-02-28,28,45.0,42.0,-3.0,-0.10714285714285714,-6.666666666666667
19-GRCO,TELCORE,2026-02-28,2026-03-31,31,244.0,243.0,-1.0,-0.03225806451612903,-0.4098360655737705
19-GRCO,BBCORE,2026-02-28,2026-03-31,31,2621.0,2630.0,9.0,0.2903225806451613,0.3433803891644411
19-GRCO,VCORE,2026-02-28,2026-03-31,31,138.0,135.0,-3.0,-0.0967741935483871,-2.1739130434782608
19-GRCO,SCORE,2026-02-28,2026-03-31,31,42.0,43.0,1.0,0.03225806451612903,2.380952380952381
20-PALM,TELCORE,2026-01-01,2026-01-31,30,199.0,192.0,-7.0,-0.23333333333333334,-3.5175879396984926
20-PALM,BBCORE,2026-01-01,2026-01-31,30,667.0,654.0,-13.0,-0.43333333333333335,-1.9490254872563717
20-PALM,VCORE,2026-01-01,2026-01-31,30,35.0,35.0,0.0,0.0,0.0
20-PALM,SCORE,2026-01-01,2026-01-31,30,1.0,1.0,0.0,0.0,0.0
20-PALM,TELCORE,2026-01-31,2026-02-28,28,192.0,197.0,5.0,0.17857142857142858,2.604166666666667
20-PALM,BBCORE,2026-01-31,2026-02-28,28,654.0,668.0,14.0,0.5,2.1406727828746175
20-PALM,VCORE,2026-01-31,2026-02-28,28,35.0,34.0,-1.0,-0.03571428571428571,-2.857142857142857
20-PALM,SCORE,2026-01-31,2026-02-28,28,1.0,1.0,0.0,0.0,0.0
20-PALM,TELCORE,2026-02-28,2026-03-31,31,197.0,194.0,-3.0,-0.0967741935483871,-1.5228426395939088
20-PALM,BBCORE,2026-02-28,2026-03-31,31,668.0,661.0,-7.0,-0.22580645161290322,-1.0479041916167664
20-PALM,VCORE,2026-02-28,2026-03-31,31,34.0,33.0,-1.0,-0.03225806451612903,-2.941176470588235
20-PALM,SCORE,2026-02-28,2026-03-31,31,1.0,1.0,0.0,0.0,0.0
21-ILL,TELCORE,2026-01-01,2026-01-31,30,1.0,1.0,0.0,0.0,0.0
21-ILL,BBCORE,2026-01-01,2026-01-31,30,35.0,44.0,9.0,0.3,25.71428571428571
21-ILL,VCORE,2026-01-01,2026-01-31,30,4.0,3.0,-1.0,-0.03333333333333333,-25.0
21-ILL,SCORE,2026-01-01,2026-01-31,30,0.0,0.0,0.0,0.0,0.0
21-ILL,TELCORE,2026-01-31,2026-02-28,28,1.0,1.0,0.0,0.0,0.0
21-ILL,BBCORE,2026-01-31,2026-02-28,28,44.0,43.0,-1.0,-0.03571428571428571,-2.272727272727273
21-ILL,VCORE,2026-01-31,2026-02-28,28,3.0,4.0,1.0,0.03571428571428571,33.33333333333333
21-ILL,SCORE,2026-01-31,2026-02-28,28,0.0,0.0,0.0,0.0,0.0
21-ILL,TELCORE,2026-02-28,2026-03-31,31,1.0,1.0,0.0,0.0,0.0
21-ILL,BBCORE,2026-02-28,2026-03-31,31,43.0,43.0,0.0,0.0,0.0
21-ILL,VCORE,2026-02-28,2026-03-31,31,4.0,3.0,-1.0,-0.03225806451612903,-25.0
21-ILL,SCORE,2026-02-28,2026-03-31,31,0.0,0.0,0.0,0.0,0.0
22-ILL,TELCORE,2026-01-01,2026-01-31,30,6.0,6.0,0.0,0.0,0.0
22-ILL,BBCORE,2026-01-01,2026-01-31,30,134.0,143.0,9.0,0.3,6.7164179104477615
22-ILL,VCORE,2026-01-01,2026-01-31,30,9.0,10.0,1.0,0.03333333333333333,11.11111111111111
22-ILL,SCORE,2026-01-01,2026-01-31,30,0.0,0.0,0.0,0.0,0.0
22-ILL,TELCORE,2026-01-31,2026-02-28,28,6.0,6.0,0.0,0.0,0.0
22-ILL,BBCORE,2026-01-31,2026-02-28,28,143.0,135.0,-8.0,-0.2857142857142857,-5.594405594405594
22-ILL,VCORE,2026-01-31,2026-02-28,28,10.0,9.0,-1.0,-0.03571428571428571,-10.0
22-ILL,SCORE,2026-01-31,2026-02-28,28,0.0,0.0,0.0,0.0,0.0
22-ILL,TELCORE,2026-02-28,2026-03-31,31,6.0,6.0,0.0,0.0,0.0
22-ILL,BBCORE,2026-02-28,2026-03-31,31,135.0,133.0,-2.0,-0.06451612903225806,-1.4814814814814816
22-ILL,VCORE,2026-02-28,2026-03-31,31,9.0,9.0,0.0,0.0,0.0
22-ILL,SCORE,2026-02-28,2026-03-31,31,0.0,0.0,0.0,0.0,0.0
23-PILL,TELCORE,2026-01-01,2026-01-31,30,6.0,7.0,1.0,0.03333333333333333,16.666666666666664
23-PILL,BBCORE,2026-01-01,2026-01-31,30,42.0,46.0,4.0,0.13333333333333333,9.523809523809524
23-PILL,VCORE,2026-01-01,2026-01-31,30,5.0,5.0,0.0,0.0,0.0
23-PILL,SCORE,2026-01-01,2026-01-31,30,0.0,0.0,0.0,0.0,0.0
23-PILL,TELCORE,2026-01-31,2026-02-28,28,7.0,6.0,-1.0,-0.03571428571428571,-14.285714285714285
23-PILL,BBCORE,2026-01-31,2026-02-28,28,46.0,44.0,-2.0,-0.07142857142857142,-4.3478260869565215
23-PILL,VCORE,2026-01-31,2026-02-28,28,5.0,5.0,0.0,0.0,0.0
23-PILL,SCORE,2026-01-31,2026-02-28,28,0.0,0.0,0.0,0.0,0.0
23-PILL,TELCORE,2026-02-28,2026-03-31,31,6.0,7.0,1.0,0.03225806451612903,16.666666666666664
23-PILL,BBCORE,2026-02-28,2026-03-31,31,44.0,48.0,4.0,0.12903225806451613,9.090909090909092
23-PILL,VCORE,2026-02-28,2026-03-31,31,5.0,5.0,0.0,0.0,0.0
23-PILL,SCORE,2026-02-28,2026-03-31,31,0.0,0.0,0.0,0.0,0.0
24-CALL,TELCORE,2026-01-01,2026-01-31,30,12.0,16.0,4.0,0.13333333333333333,33.33333333333333
24-CALL,BBCORE,2026-01-01,2026-01-31,30,359.0,364.0,5.0,0.16666666666666666,1.392757660167131
24-CALL,VCORE,2026-01-01,2026-01-31,30,23.0,26.0,3.0,0.1,13.043478260869565
24-CALL,SCORE,2026-01-01,2026-01-31,30,1.0,2.0,1.0,0.03333333333333333,100.0
24-CALL,TELCORE,2026-01-31,2026-02-28,28,16.0,16.0,0.0,0.0,0.0
24-CALL,BBCORE,2026-01-31,2026-02-28,28,364.0,362.0,-2.0,-0.07142857142857142,-0.5494505494505495
24-CALL,VCORE,2026-01-31,2026-02-28,28,26.0,24.0,-2.0,-0.07142857142857142,-7.6923076923076925
24-CALL,SCORE,2026-01-31,2026-02-28,28,2.0,1.0,-1.0,-0.03571428571428571,-50.0
24-CALL,TELCORE,2026-02-28,2026-03-31,31,16.0,16.0,0.0,0.0,0.0
24-CALL,BBCORE,2026-02-28,2026-03-31,31,362.0,363.0,1.0,0.03225806451612903,0.2762430939226519
24-CALL,VCORE,2026-02-28,2026-03-31,31,24.0,26.0,2.0,0.06451612903225806,8.333333333333332
24-CALL,SCORE,2026-02-28,2026-03-31,31,1.0,1.0,0.0,0.0,0.0
26-MRSH,TELCORE,2026-01-01,2026-01-31,30,1.0,1.0,0.0,0.0,0.0
26-MRSH,BBCORE,2026-01-01,2026-01-31,30,91.0,90.0,-1.0,-0.03333333333333333,-1.098901098901099
26-MRSH,VCORE,2026-01-01,2026-01-31,30,3.0,4.0,1.0,0.03333333333333333,33.33333333333333
26-MRSH,SCORE,2026-01-01,2026-01-31,30,0.0,0.0,0.0,0.0,0.0
26-MRSH,TELCORE,2026-01-31,2026-02-28,28,1.0,1.0,0.0,0.0,0.0
26-MRSH,BBCORE,2026-01-31,2026-02-28,28,90.0,91.0,1.0,0.03571428571428571,1.1111111111111112
26-MRSH,VCORE,2026-01-31,2026-02-28,28,4.0,3.0,-1.0,-0.03571428571428571,-25.0
26-MRSH,SCORE,2026-01-31,2026-02-28,28,0.0,0.0,0.0,0.0,0.0
26-MRSH,TELCORE,2026-02-28,2026-03-31,31,1.0,1.0,0.0,0.0,0.0
26-MRSH,BBCORE,2026-02-28,2026-03-31,31,91.0,90.0,-1.0,-0.03225806451612903,-1.098901098901099
26-MRSH,VCORE,2026-02-28,2026-03-31,31,3.0,3.0,0.0,0.0,0.0
26-MRSH,SCORE,2026-02-28,2026-03-31,31,0.0,0.0,0.0,0.0,0.0
27-WEAK,TELCORE,2026-01-01,2026-01-31,30,52.0,56.0,4.0,0.13333333333333333,7.6923076923076925
27-WEAK,BBCORE,2026-01-01,2026-01-31,30,320.0,374.0,54.0,1.8,16.875
27-WEAK,VCORE,2026-01-01,2026-01-31,30,28.0,39.0,11.0,0.36666666666666664,39.285714285714285
27-WEAK,SCORE,2026-01-01,2026-01-31,30,1.0,1.0,0.0,0.0,0.0
27-WEAK,TELCORE,2026-01-31,2026-02-28,28,56.0,54.0,-2.0,-0.07142857142857142,-3.571428571428571
27-WEAK,BBCORE,2026-01-31,2026-02-28,28,374.0,341.0,-33.0,-1.1785714285714286,-8.823529411764707
27-WEAK,VCORE,2026-01-31,2026-02-28,28,39.0,33.0,-6.0,-0.21428571428571427,-15.384615384615385
27-WEAK,SCORE,2026-01-31,2026-02-28,28,1.0,1.0,0.0,0.0,0.0
27-WEAK,TELCORE,2026-02-28,2026-03-31,31,54.0,57.0,3.0,0.0967741935483871,5.555555555555555
27-WEAK,BBCORE,2026-02-28,2026-03-31,31,341.0,370.0,29.0,0.9354838709677419,8.504398826979472
27-WEAK,VCORE,2026-02-28,2026-03-31,31,33.0,37.0,4.0,0.12903225806451613,12.121212121212121
27-WEAK,SCORE,2026-02-28,2026-03-31,31,1.0,1.0,0.0,0.0,0.0
28-CARL,TELCORE,2026-01-01,2026-01-31,30,24.0,26.0,2.0,0.06666666666666667,8.333333333333332
28-CARL,BBCORE,2026-01-01,2026-01-31,30,119.0,125.0,6.0,0.2,5.042016806722689
28-CARL,VCORE,2026-01-01,2026-01-31,30,7.0,8.0,1.0,0.03333333333333333,14.285714285714285
28-CARL,SCORE,2026-01-01,2026-01-31,30,2.0,2.0,0.0,0.0,0.0
28-CARL,TELCORE,2026-01-31,2026-02-28,28,26.0,25.0,-1.0,-0.03571428571428571,-3.8461538461538463
28-CARL,BBCORE,2026-01-31,2026-02-28,28,125.0,124.0,-1.0,-0.03571428571428571,-0.8
28-CARL,VCORE,2026-01-31,2026-02-28,28,8.0,9.0,1.0,0.03571428571428571,12.5
28-CARL,SCORE,2026-01-31,2026-02-28,28,2.0,2.0,0.0,0.0,0.0
28-CARL,TELCORE,2026-02-28,2026-03-31,31,25.0,25.0,0.0,0.0,0.0
28-CARL,BBCORE,2026-02-28,2026-03-31,31,124.0,126.0,2.0,0.06451612903225806,1.6129032258064515
28-CARL,VCORE,2026-02-28,2026-03-31,31,9.0,9.0,0.0,0.0,0.0
28-CARL,SCORE,2026-02-28,2026-03-31,31,2.0,2.0,0.0,0.0,0.0
33-BENT,TELCORE,2026-01-01,2026-01-31,30,15.0,15.0,0.0,0.0,0.0
33-BENT,BBCORE,2026-01-01,2026-01-31,30,98.0,100.0,2.0,0.06666666666666667,2.0408163265306123
33-BENT,VCORE,2026-01-01,2026-01-31,30,10.0,9.0,-1.0,-0.03333333333333333,-10.0
33-BENT,SCORE,2026-01-01,2026-01-31,30,0.0,0.0,0.0,0.0,0.0
33-BENT,TELCORE,2026-01-31,2026-02-28,28,15.0,16.0,1.0,0.03571428571428571,6.666666666666667
33-BENT,BBCORE,2026-01-31,2026-02-28,28,100.0,98.0,-2.0,-0.07142857142857142,-2.0
33-BENT,VCORE,2026-01-31,2026-02-28,28,9.0,9.0,0.0,0.0,0.0
33-BENT,SCORE,2026-01-31,2026-02-28,28,0.0,0.0,0.0,0.0,0.0
33-BENT,TELCORE,2026-02-28,2026-03-31,31,16.0,16.0,0.0,0.0,0.0
33-BENT,BBCORE,2026-02-28,2026-03-31,31,98.0,97.0,-1.0,-0.03225806451612903,-1.0204081632653061
33-BENT,VCORE,2026-02-28,2026-03-31,31,9.0,9.0,0.0,0.0,0.0
33-BENT,SCORE,2026-02-28,2026-03-31,31,0.0,0.0,0.0,0.0,0.0
98-TNNG,TELCORE,2026-01-01,2026-01-31,30,0.0,0.0,0.0,0.0,0.0
98-TNNG,BBCORE,2026-01-01,2026-01-31,30,5.0,5.0,0.0,0.0,0.0
98-TNNG,VCORE,2026-01-01,2026-01-31,30,0.0,0.0,0.0,0.0,0.0
98-TNNG,SCORE,2026-01-01,2026-01-31,30,0.0,0.0,0.0,0.0,0.0
98-TNNG,TELCORE,2026-01-31,2026-02-28,28,0.0,0.0,0.0,0.0,0.0
98-TNNG,BBCORE,2026-01-31,2026-02-28,28,5.0,5.0,0.0,0.0,0.0
98-TNNG,VCORE,2026-01-31,2026-02-28,28,0.0,0.0,0.0,0.0,0.0
98-TNNG,SCORE,2026-01-31,2026-02-28,28,0.0,0.0,0.0,0.0,0.0
98-TNNG,TELCORE,2026-02-28,2026-03-31,31,0.0,0.0,0.0,0.0,0.0
98-TNNG,BBCORE,2026-02-28,2026-03-31,31,5.0,5.0,0.0,0.0,0.0
98-TNNG,VCORE,2026-02-28,2026-03-31,31,0.0,0.0,0.0,0.0,0.0
98-TNNG,SCORE,2026-02-28,2026-03-31,31,0.0,0.0,0.0,0.0,0.0
99-KYNG,TELCORE,2026-01-01,2026-01-31,30,1.0,1.0,0.0,0.0,0.0
99-KYNG,BBCORE,2026-01-01,2026-01-31,30,33.0,35.0,2.0,0.06666666666666667,6.0606060606060606
99-KYNG,VCORE,2026-01-01,2026-01-31,30,1.0,1.0,0.0,0.0,0.0
99-KYNG,SCORE,2026-01-01,2026-01-31,30,3.0,3.0,0.0,0.0,0.0
99-KYNG,TELCORE,2026-01-31,2026-02-28,28,1.0,1.0,0.0,0.0,0.0
99-KYNG,BBCORE,2026-01-31,2026-02-28,28,35.0,36.0,1.0,0.03571428571428571,2.857142857142857
99-KYNG,VCORE,2026-01-31,2026-02-28,28,1.0,1.0,0.0,0.0,0.0
99-KYNG,SCORE,2026-01-31,2026-02-28,28,3.0,3.0,0.0,0.0,0.0
99-KYNG,TELCORE,2026-02-28,2026-03-31,31,1.0,1.0,0.0,0.0,0.0
99-KYNG,BBCORE,2026-02-28,2026-03-31,31,36.0,36.0,0.0,0.0,0.0
99-KYNG,VCORE,2026-02-28,2026-03-31,31,1.0,1.0,0.0,0.0,0.0
99-KYNG,SCORE,2026-02-28,2026-03-31,31,3.0,3.0,0.0,0.0,0.0
25-IRDOF,TELCORE,2026-01-01,2026-01-31,30,0.0,0.0,0.0,0.0,0.0
25-IRDOF,BBCORE,2026-01-01,2026-01-31,30,12.0,32.0,20.0,0.6666666666666666,166.66666666666669
25-IRDOF,VCORE,2026-01-01,2026-01-31,30,0.0,2.0,2.0,0.06666666666666667,0.0
25-IRDOF,SCORE,2026-01-01,2026-01-31,30,0.0,0.0,0.0,0.0,0.0
25-IRDOF,TELCORE,2026-01-31,2026-02-28,28,0.0,0.0,0.0,0.0,0.0
25-IRDOF,BBCORE,2026-01-31,2026-02-28,28,32.0,22.0,-10.0,-0.35714285714285715,-31.25
25-IRDOF,VCORE,2026-01-31,2026-02-28,28,2.0,1.0,-1.0,-0.03571428571428571,-50.0
25-IRDOF,SCORE,2026-01-31,2026-02-28,28,0.0,0.0,0.0,0.0,0.0
25-IRDOF,TELCORE,2026-02-28,2026-03-31,31,0.0,0.0,0.0,0.0,0.0
25-IRDOF,BBCORE,2026-02-28,2026-03-31,31,22.0,28.0,6.0,0.1935483870967742,27.27272727272727
25-IRDOF,VCORE,2026-02-28,2026-03-31,31,1.0,2.0,1.0,0.03225806451612903,100.0
25-IRDOF,SCORE,2026-02-28,2026-03-31,31,0.0,0.0,0.0,0.0,0.0
31-ARD-AL,TELCORE,2026-01-01,2026-01-31,30,1624.0,1573.0,-51.0,-1.7,-3.140394088669951
31-ARD-AL,BBCORE,2026-01-01,2026-01-31,30,5259.0,5266.0,7.0,0.23333333333333334,0.13310515307092605
31-ARD-AL,VCORE,2026-01-01,2026-01-31,30,0.0,0.0,0.0,0.0,0.0
31-ARD-AL,SCORE,2026-01-01,2026-01-31,30,63.0,61.0,-2.0,-0.06666666666666667,-3.1746031746031744
31-ARD-AL,TELCORE,2026-01-31,2026-02-28,28,1573.0,1607.0,34.0,1.2142857142857142,2.161474888747616
31-ARD-AL,BBCORE,2026-01-31,2026-02-28,28,5266.0,5265.0,-1.0,-0.03571428571428571,-0.0189897455374098
31-ARD-AL,VCORE,2026-01-31,2026-02-28,28,0.0,0.0,0.0,0.0,0.0
31-ARD-AL,SCORE,2026-01-31,2026-02-28,28,61.0,61.0,0.0,0.0,0.0
31-ARD-AL,TELCORE,2026-02-28,2026-03-31,31,1607.0,1585.0,-22.0,-0.7096774193548387,-1.3690105787181084
31-ARD-AL,BBCORE,2026-02-28,2026-03-31,31,5265.0,5271.0,6.0,0.1935483870967742,0.11396011396011395
31-ARD-AL,VCORE,2026-02-28,2026-03-31,31,0.0,0.0,0.0,0.0,0.0
31-ARD-AL,SCORE,2026-02-28,2026-03-31,31,61.0,60.0,-1.0,-0.03225806451612903,-1.639344262295082
31-ARD-TN,TELCORE,2026-01-01,2026-01-31,30,990.0,959.0,-31.0,-1.0333333333333334,-3.1313131313131315
31-ARD-TN,BBCORE,2026-01-01,2026-01-31,30,1980.0,1988.0,8.0,0.26666666666666666,0.40404040404040403
31-ARD-TN,VCORE,2026-01-01,2026-01-31,30,0.0,0.0,0.0,0.0,0.0
31-ARD-TN,SCORE,2026-01-01,2026-01-31,30,16.0,15.0,-1.0,-0.03333333333333333,-6.25
31-ARD-TN,TELCORE,2026-01-31,2026-02-28,28,959.0,977.0,18.0,0.6428571428571429,1.8769551616266946
31-ARD-TN,BBCORE,2026-01-31,2026-02-28,28,1988.0,1979.0,-9.0,-0.32142857142857145,-0.45271629778672035
31-ARD-TN,VCORE,2026-01-31,2026-02-28,28,0.0,0.0,0.0,0.0,0.0
31-ARD-TN,SCORE,2026-01-31,2026-02-28,28,15.0,15.0,0.0,0.0,0.0
31-ARD-TN,TELCORE,2026-02-28,2026-03-31,31,977.0,965.0,-12.0,-0.3870967741935484,-1.2282497441146365
31-ARD-TN,BBCORE,2026-02-28,2026-03-31,31,1979.0,1978.0,-1.0,-0.03225806451612903,-0.05053057099545225
31-ARD-TN,VCORE,2026-02-28,2026-03-31,31,0.0,0.0,0.0,0.0,0.0
31-ARD-TN,SCORE,2026-02-28,2026-03-31,31,15.0,15.0,0.0,0.0,0.0
35-GILES,TELCORE,2026-01-01,2026-01-31,30,5.0,6.0,1.0,0.03333333333333333,20.0
35-GILES,BBCORE,2026-01-01,2026-01-31,30,63.0,76.0,13.0,0.43333333333333335,20.634920634920633
35-GILES,VCORE,2026-01-01,2026-01-31,30,0.0,0.0,0.0,0.0,0.0
35-GILES,SCORE,2026-01-01,2026-01-31,30,0.0,0.0,0.0,0.0,0.0
35-GILES,TELCORE,2026-01-31,2026-02-28,28,6.0,4.0,-2.0,-0.07142857142857142,-33.33333333333333
35-GILES,BBCORE,2026-01-31,2026-02-28,28,76.0,70.0,-6.0,-0.21428571428571427,-7.894736842105263
35-GILES,VCORE,2026-01-31,2026-02-28,28,0.0,0.0,0.0,0.0,0.0
35-GILES,SCORE,2026-01-31,2026-02-28,28,0.0,0.0,0.0,0.0,0.0
35-GILES,TELCORE,2026-02-28,2026-03-31,31,4.0,4.0,0.0,0.0,0.0
35-GILES,BBCORE,2026-02-28,2026-03-31,31,70.0,70.0,0.0,0.0,0.0
35-GILES,VCORE,2026-02-28,2026-03-31,31,0.0,0.0,0.0,0.0,0.0
35-GILES,SCORE,2026-02-28,2026-03-31,31,0.0,0.0,0.0,0.0,0.0
96-ALNG,TELCORE,2026-01-01,2026-01-31,30,0.0,0.0,0.0,0.0,0.0
96-ALNG,BBCORE,2026-01-01,2026-01-31,30,1.0,2.0,1.0,0.03333333333333333,100.0
96-ALNG,VCORE,2026-01-01,2026-01-31,30,0.0,0.0,0.0,0.0,0.0
96-ALNG,SCORE,2026-01-01,2026-01-31,30,,,,,
96-ALNG,TELCORE,2026-01-31,2026-02-28,28,0.0,0.0,0.0,0.0,0.0
96-ALNG,BBCORE,2026-01-31,2026-02-28,28,2.0,1.0,-1.0,-0.03571428571428571,-50.0
96-ALNG,VCORE,2026-01-31,2026-02-28,28,0.0,0.0,0.0,0.0,0.0
96-ALNG,SCORE,2026-01-31,2026-02-28,28,,,,,
96-ALNG,TELCORE,2026-02-28,2026-03-31,31,0.0,0.0,0.0,0.0,0.0
96-ALNG,BBCORE,2026-02-28,2026-03-31,31,1.0,1.0,0.0,0.0,0.0
96-ALNG,VCORE,2026-02-28,2026-03-31,31,0.0,0.0,0.0,0.0,0.0
96-ALNG,SCORE,2026-02-28,2026-03-31,31,,,,,
Others,TELCORE,2026-02-28,2026-03-31,31,0.0,1.0,1.0,0.03225806451612903,0.0
Others,BBCORE,2026-02-28,2026-03-31,31,7.0,15.0,8.0,0.25806451612903225,114.28571428571428
Others,VCORE,2026-02-28,2026-03-31,31,0.0,1.0,1.0,0.03225806451612903,0.0
Others,SCORE,2026-02-28,2026-03-31,31,0.0,0.0,0.0,0.0,0.0
Others,TELCORE,2026-03-31,2026-03-31,0,1.0,1.0,0.0,0.0,0.0
Others,BBCORE,2026-03-31,2026-03-31,0,15.0,24.0,9.0,0.0,60.0
Others,VCORE,2026-03-31,2026-03-31,0,1.0,0.0,-1.0,0.0,-100.0
Others,SCORE,2026-03-31,2026-03-31,0,0.0,,,0.0,0.0
