Date,Class,Addr Cnt,TELCORE,BBCORE,VCORE,SCORE,TelOnly,Tel+BB,CBOL,IP CORE,FIBER,DSL,BB Goal,BB Rem,BB %
2026-01-01,10-WKT-KY,19531.0,4780,12415,1025,360.0,1193,3587,8828,463,12415,0,,,63.57
2026-01-01,10-WKT-TN,2996.0,971,2070,186,38.0,155,816,1254,15,2070,0,,,69.09
2026-01-01,14-YORK,1897.0,454,1099,59,7.0,86,368,731,5,1099,0,15131.0,-452.0,57.93
2026-01-01,12-MRTN,4983.0,278,1230,70,3.0,133,145,1085,192,1230,0,979.0,-251.0,24.68
2026-01-01,15-DRES,1530.0,243,906,51,1.0,117,126,780,157,906,0,904.0,-2.0,59.22
2026-01-01,16-DUKE,527.0,98,391,27,1.0,9,89,302,98,391,0,378.0,-13.0,74.19
2026-01-01,17-HNRY,1509.0,97,1015,37,3.0,18,79,936,13,1015,0,939.0,-76.0,67.26
2026-01-01,18-SMRT,1604.0,55,824,32,0.0,7,48,776,1,824,0,734.0,-90.0,51.37
2026-01-01,19-GRCO,4377.0,243,2623,139,42.0,95,148,2475,243,2623,0,2522.0,-101.0,59.93
2026-01-01,20-PALM,969.0,199,667,35,1.0,16,183,484,9,667,0,625.0,-42.0,68.83
2026-01-01,21-ILL,173.0,1,35,4,0.0,0,1,34,1,35,0,,-35.0,20.23
2026-01-01,22-ILL,459.0,6,134,9,0.0,2,4,130,6,134,0,28.0,-106.0,29.19
2026-01-01,23-PILL,740.0,6,42,5,0.0,4,2,40,0,42,0,26.0,-16.0,5.68
2026-01-01,24-CALL,648.0,12,359,23,1.0,5,7,352,12,359,0,312.0,-47.0,55.4
2026-01-01,26-MRSH,192.0,1,91,3,0.0,0,1,90,1,91,0,82.0,-9.0,47.4
2026-01-01,27-WEAK,1248.0,52,320,28,1.0,11,41,279,11,320,0,32.0,-288.0,25.64
2026-01-01,28-CARL,311.0,24,119,7,2.0,13,11,108,24,119,0,103.0,-16.0,38.26
2026-01-01,33-BENT,450.0,15,98,10,0.0,0,15,83,0,98,0,64.0,-34.0,21.78
2026-01-01,98-TNNG,6.0,0,5,0,0.0,0,0,5,0,5,0,5.0,,83.33
2026-01-01,99-KYNG,30.0,1,33,1,3.0,0,1,32,1,33,0,33.0,,110.0
2026-01-01,25-IRDOF,164.0,0,12,0,0.0,0,0,12,0,12,0,,-12.0,7.32
2026-01-01,31-ARD-AL,11192.0,1624,5259,0,63.0,497,1127,4132,10,4988,271,,,46.99
2026-01-01,31-ARD-TN,4620.0,990,1980,0,16.0,285,705,1275,20,1706,274,,,42.86
2026-01-01,35-GILES,545.0,5,63,0,0.0,0,5,58,4,63,0,,,11.56
2026-01-01,96-ALNG,,0,1,0,,0,0,1,0,1,0,,,0.0
2026-01-31,10-WKT-KY,19558.0,4660,12409,1025,357.0,1156,3504,8905,457,12409,0,,,63.45
2026-01-31,10-WKT-TN,3004.0,931,2084,182,38.0,147,784,1300,15,2084,0,,,69.37
2026-01-31,14-YORK,1893.0,445,1108,57,6.0,86,359,749,15,1108,0,15584.0,-16.0,58.53
2026-01-31,12-MRTN,5092.0,279,1383,75,3.0,131,148,1235,188,1383,0,1299.0,-84.0,27.16
2026-01-31,15-DRES,1531.0,236,907,51,1.0,113,123,784,152,907,0,909.0,2.0,59.24
2026-01-31,16-DUKE,528.0,97,398,28,1.0,10,87,311,97,398,0,391.0,-7.0,75.38
2026-01-31,17-HNRY,1524.0,94,1016,37,3.0,18,76,940,13,1016,0,1015.0,-1.0,66.67
2026-01-31,18-SMRT,1589.0,54,836,33,0.0,7,47,789,1,836,0,829.0,-7.0,52.61
2026-01-31,19-GRCO,4388.0,242,2637,133,45.0,97,145,2492,242,2637,0,2636.0,-1.0,60.1
2026-01-31,20-PALM,954.0,192,654,35,1.0,18,174,480,8,654,0,667.0,13.0,68.55
2026-01-31,21-ILL,200.0,1,44,3,0.0,0,1,43,1,44,0,43.0,-1.0,22.0
2026-01-31,22-ILL,487.0,6,143,10,0.0,2,4,139,6,143,0,144.0,1.0,29.36
2026-01-31,23-PILL,705.0,7,46,5,0.0,4,3,43,0,46,0,72.0,26.0,6.52
2026-01-31,24-CALL,648.0,16,364,26,2.0,7,9,355,16,364,0,359.0,-5.0,56.17
2026-01-31,25-TRDOF,,0,1,0,0.0,0,0,1,0,1,0,,-1.0,0.0
2026-01-31,25-IRDOF,163.0,0,32,2,0.0,0,0,32,0,32,0,19.0,-13.0,19.63
2026-01-31,26-MRSH,194.0,1,90,4,0.0,0,1,89,1,90,0,92.0,2.0,46.39
2026-01-31,27-WEAK,1290.0,56,374,39,1.0,11,45,329,12,374,0,343.0,-31.0,28.99
2026-01-31,28-CARL,311.0,26,125,8,2.0,13,13,112,26,125,0,132.0,7.0,40.19
2026-01-31,29-CCRC,121.0,2,17,1,0.0,0,2,15,2,17,0,9.0,-8.0,14.05
2026-01-31,33-BENT,450.0,15,100,9,0.0,0,15,85,0,100,0,113.0,13.0,22.22
2026-01-31,63-WCMM,104.0,0,27,3,0.0,0,0,27,0,27,0,,-27.0,25.96
2026-01-31,98-TNNG,6.0,0,5,0,0.0,0,0,5,0,5,0,5.0,,83.33
2026-01-31,99-KYNG,30.0,1,35,1,3.0,0,1,34,1,35,0,35.0,,116.67
2026-01-31,31-ARD-AL,10891.0,1573,5266,0,61.0,488,1085,4181,10,5027,239,,,48.35
2026-01-31,31-ARD-TN,3670.0,959,1988,0,15.0,279,680,1308,20,1795,193,,,54.17
2026-01-31,35-GILES,501.0,6,76,0,0.0,0,6,70,6,76,0,,,15.17
2026-01-31,36-LINC,112.0,2,27,0,,0,2,25,2,27,0,,,24.11
2026-01-31,96-ALNG,,0,2,0,,0,0,2,0,2,0,,,0.0
2026-01-31,97-TNNG,31.0,0,1,0,,0,0,1,0,1,0,,,3.23
2026-02-28,10-WKT-KY,19546.0,4725,12418,1022,355.0,1179,3546,8872,463,12418,0,,,63.53
2026-02-28,10-WKT-TN,2998.0,957,2065,185,38.0,152,805,1260,15,2065,0,,,68.88
2026-02-28,14-YORK,1891.0,450,1103,58,7.0,85,365,738,5,1103,0,15584.0,-1.0,58.33
2026-02-28,12-MRTN,5091.0,284,1298,70,3.0,134,150,1148,194,1298,0,1253.0,-45.0,25.5
2026-02-28,15-DRES,1531.0,243,911,51,1.0,118,125,786,156,911,0,907.0,-4.0,59.5
2026-02-28,16-DUKE,528.0,98,395,27,1.0,10,88,307,98,395,0,391.0,-4.0,74.81
2026-02-28,17-HNRY,1523.0,97,1018,37,3.0,18,79,939,13,1018,0,1015.0,-3.0,66.84
2026-02-28,18-SMRT,1606.0,54,830,33,0.0,7,47,783,1,830,0,826.0,-4.0,51.68
2026-02-28,19-GRCO,4385.0,244,2621,138,42.0,96,148,2473,244,2621,0,2627.0,6.0,59.77
2026-02-28,20-PALM,953.0,197,668,34,1.0,16,181,487,8,668,0,667.0,-1.0,70.09
2026-02-28,21-ILL,174.0,1,43,4,0.0,0,1,42,1,43,0,137.0,94.0,24.71
2026-02-28,22-ILL,459.0,6,135,9,0.0,2,4,131,6,135,0,38.0,-97.0,29.41
2026-02-28,23-PILL,739.0,6,44,5,0.0,4,2,42,0,44,0,52.0,8.0,5.95
2026-02-28,24-CALL,648.0,16,362,24,1.0,8,8,354,16,362,0,359.0,-3.0,55.86
2026-02-28,26-MRSH,192.0,1,91,3,0.0,0,1,90,1,91,0,91.0,,47.4
2026-02-28,27-WEAK,1284.0,54,341,33,1.0,11,43,298,11,341,0,328.0,-13.0,26.56
2026-02-28,28-CARL,312.0,25,124,9,2.0,13,12,112,25,124,0,123.0,-1.0,39.74
2026-02-28,33-BENT,450.0,16,98,9,0.0,0,16,82,0,98,0,103.0,5.0,21.78
2026-02-28,98-TNNG,6.0,0,5,0,0.0,0,0,5,0,5,0,5.0,,83.33
2026-02-28,99-KYNG,30.0,1,36,1,3.0,0,1,35,1,36,0,36.0,,120.0
2026-02-28,25-IRDOF,163.0,0,22,1,0.0,0,0,22,0,22,0,14.0,-8.0,13.5
2026-02-28,Others,120.0,0,7,0,0.0,0,0,7,0,7,0,3.0,-4.0,5.83
2026-02-28,31-ARD-AL,11198.0,1607,5265,0,61.0,491,1116,4149,10,5007,258,,,47.02
2026-02-28,31-ARD-TN,4203.0,977,1979,0,15.0,280,697,1282,20,1716,263,,,47.09
2026-02-28,35-GILES,615.0,4,70,0,0.0,0,4,66,4,70,0,,,11.38
2026-02-28,96-ALNG,,0,1,0,,0,0,1,0,1,0,,,0.0
2026-03-31,10-WKT-KY,19546.0,4690,12410,1018,355.0,1169,3521,8889,464,12410,0,,,63.49
2026-03-31,10-WKT-TN,2998.0,948,2089,183,40.0,149,799,1290,15,2089,0,,,69.68
2026-03-31,14-YORK,1891.0,442,1108,56,7.0,80,362,746,5,1108,0,15584.0,-23.0,58.59
2026-03-31,12-MRTN,5091.0,282,1349,70,3.0,133,149,1200,192,1349,0,1276.0,-73.0,26.5
2026-03-31,15-DRES,1531.0,235,913,50,1.0,110,125,788,149,913,0,908.0,-5.0,59.63
2026-03-31,16-DUKE,528.0,98,396,28,1.0,10,88,308,98,396,0,391.0,-5.0,75.0
2026-03-31,17-HNRY,1523.0,95,1015,37,3.0,18,77,938,13,1015,0,1015.0,,66.64
2026-03-31,18-SMRT,1606.0,54,834,33,0.0,7,47,787,1,834,0,827.0,-7.0,51.93
2026-03-31,19-GRCO,4385.0,243,2630,135,43.0,96,147,2483,243,2630,0,2631.0,1.0,59.98
2026-03-31,20-PALM,953.0,194,661,33,1.0,16,178,483,8,661,0,667.0,6.0,69.36
2026-03-31,21-ILL,174.0,1,43,3,0.0,0,1,42,1,43,0,40.0,-3.0,24.71
2026-03-31,22-ILL,459.0,6,133,9,0.0,2,4,129,6,133,0,141.0,8.0,28.98
2026-03-31,23-PILL,739.0,7,48,5,0.0,4,3,45,0,48,0,62.0,14.0,6.5
2026-03-31,24-CALL,648.0,16,363,26,1.0,7,9,354,16,363,0,359.0,-4.0,56.02
2026-03-31,26-MRSH,192.0,1,90,3,0.0,0,1,89,1,90,0,92.0,2.0,46.88
2026-03-31,27-WEAK,1284.0,57,370,37,1.0,11,46,324,11,370,0,335.0,-35.0,28.82
2026-03-31,28-CARL,312.0,25,126,9,2.0,13,12,114,25,126,0,128.0,2.0,40.38
2026-03-31,33-BENT,450.0,16,97,9,0.0,0,16,81,0,97,0,108.0,11.0,21.56
2026-03-31,98-TNNG,6.0,0,5,0,0.0,0,0,5,0,5,0,5.0,,83.33
2026-03-31,99-KYNG,30.0,1,36,1,3.0,0,1,35,1,36,0,36.0,,120.0
2026-03-31,25-IRDOF,163.0,0,28,2,0.0,0,0,28,0,28,0,17.0,-11.0,17.18
2026-03-31,Others,120.0,1,15,1,0.0,0,1,14,1,15,0,6.0,-9.0,12.5
2026-03-31,31-ARD-AL,11198.0,1585,5271,0,60.0,489,1096,4175,10,5025,246,,,47.07
2026-03-31,31-ARD-TN,4203.0,965,1978,0,15.0,279,686,1292,20,1742,236,,,47.06
2026-03-31,35-GILES,615.0,4,70,0,0.0,0,4,66,4,70,0,,,11.38
2026-03-31,96-ALNG,,0,1,0,,0,0,1,0,1,0,,,0.0
2026-03-31,Others,,1,24,0,,0,1,23,1,24,0,,,0.0
